epc,upc
3314186ADC14828000002712,885375935795
3314186ADC14828000002714,885375935801
3314186ADC1E8A4000002712,885375935832
33141877A80B64C000002711,886699636665
3314186ADC17E84000002713,885375935849
3314302DFC079E0000002718,885375935818
3314186ADC17E84000002711,886699636795
3314186ADC17EA4000002715,885375935825
3314186ADC17EA4000002712,886699636849
3314186ADC17EA4000002713,886699636948
3314186ADC14828000002713,886699636955
3314186ADC17EA4000002711,886699631530
3314186ADC17EA4000002714,886699631554
3314186ADC280AC000002714,886699631561
3314186ADC1E8A4000002713,886699631578
3314186ADC17E84000002712,886699631585
33141877A01B558000002714,95855324357
300833B2DDD9014000000000,4774126089
3314186ADC280AC000002712,604201072035
3314186ADC280AC000002715,604201072011
3314186ADC280AC000002711,604201071977
3314186ADC14828000002716,604201071960
3314186ADC280AC000002713,604201071984
331418779C2E8A0000002713,726651361290
3314186ADC1E8A4000002716,726652004806
33141877A80B64C000002713,726652774396
3314186ADC17E9C000002711,726652774365
33141877A01B558000002715,726652004837
E2806810000000395F976ABD,726651531815
33141877A01B558000002713,726651369616
E2806810000000395F976E77,726651369517
E2806810000000395F9772B3,726651531808
E2806810000000395F971399,726654187538
E2806810000000395F973FD7,726653782260
E2806810000000395F97FEBA,726651082362
331418779C2E8A0000002711,34502873619
331418779C2E8A0000002716,34502873701
33141877A01B558000002712,34502873688
33141877A01B558000002711,726654046163
331418779C2E8A0000002714,726653990047
33141877A80B64C000002712,726651361115
331418779C2E8A0000002715,726654437152
E2806810000000395F97F6A0,726651887547
E2806810000000395F976E8B,726653425495
331418779C2E8A0000002712,718268898825
3314186ADC17E88000002711,718268898818
3314186ADC14828000002711,718268898801
3314186ADC1E8A4000002711,400987036465
3314186ADC14828000002715,400986562248
33141877A80B64C000002714,678901234567
3314186ADC17E8C000002712,726654110185
3314186ADC17E88000002712,400986378580
3314186ADC1E8A4000002714,400986561975
E2806810000000395F976C5B,1245793497456
E2806810000000395F973FAF,400986868708
E2806810000000395F976AE3,7418529631231
E2806810000000395F980C26,400986370973
E2806810000000395F977189,5236987412566
E2806810000000395F9743DE,400986440454
E2806810000000395F9738B4,6321458796326
E2806810000000395F975BFE,400986496383
E2806810000000395F977175,5632147896540
E2806810000000395F980857,400986554601
E2806810000000395F973B08,7896541230784
E2806810000000395F976E4F,400986554663
E2806810000000395F981A55,4466598741231
E2806810000000395F972B66,400986554724
E2806810000000395F9809EC,1238721593238
E2806810000000395F9770C3,400986617894
E2806810000000395F973C39,5521478963215
E2806810000000395F986975,400986663532
E2806810000000395F97FF93,400986618396
E2806810000000395F98716C,8907654321326
E2806810000000395F9770AF,7896541589653
E2806810000000395F97579B,400986663570
E2806810000000395F974599,9876543210234
E2806810000000395F9756AB,400986664768
E2806810000000395F974F6D,1463214587412
E2806810000000395F973B1C,400986729412
E2806810000000395F975126,8541269874565
E2806810000000395F97599A,400986795752
E2806810000000395F975698,1230456789320
E2806810000000395F97645D,400986922301
E2806810000000395F975F31,9876543210975
E2806810000000395F976720,400986961546
E2806810000000395F9817AC,400986871173
E2806810000000395F980C17,3219876540320
E2806810000000395F9763CC,400986967630
E2806810000000395F9864F3,9638527412580
E2806810000000395F976D08,987654123456
E2806810000000395F973C25,400986967685
E2806810000000395F971FD0,3556987541236
E2806810000000395F975D8C,3569854125484
E2806810000000395F97FC15,3156985462153
E2806810000000395F986B69,400987082851
E2806810000000395F9808FD,400986968132
E2806810000000395F9759FE,3569875465422
E2806810000000395F97584D,400987149844
E2806810000000395F980A00,400986969177
E2806810000000395F975C92,1250346987124
E2806810000000395F980BC1,400987169026
E2806810000000395F9808EA,1356214789019
E2806810000000395F9717E3,400986561845
E2806810000000395F986300,9853647598260
E2806810000000395F9804CC,400986554649
E2806810000000395F975761,6655441239874
E2806810000000395F975EAA,400986554762
E2806810000000395F980F11,1245893214588
E2806810000000395F975588,400986618419
E2806810000000395F97583A,5698741236953
E2806810000000395F976D1C,400986663556
E2806810000000395F971F6D,6789054321432
E2806810000000395F976053,400986663594
E2806810000000395F976D2E,9876541230982
E2806810000000395F9755A8,400986665734
E2806810000000395F987DB8,1463214561245
E2806810000000395F9721CF,400986729436
E2806810000000395F985D5C,2254789641239
E2806810000000395F975F1D,400986795776
E2806810000000395F985CF2,6543210987029
E2806810000000395F9862ED,400986923384
E2806810000000395F987DCC,1234569870128
E2806810000000395F975C8E,400986967654
E2806810000000395F9759ED,8734567890188
E2806810000000395F9820D7,400986969191
E2806810000000395F9816EB,3156987541238
E2806810000000395F9862DA,400987029399
E2806810000000395F98195F,3569874512363
E2806810000000395F98028D,400987030968
E2806810000000395F985E40,3656985412542
E2806810000000395F973569,356985462136
E2806810000000395F9862C6,400987082875
E2806810000000395F98027A,456258963
E2806810000000395F986E77,400987086149
E2806810000000395F986747,400987149868
E2806810000000395F986F26,4561237890124
E2806810000000395F971040,400987169040
E2806810000000395F980736,854976321016
E2806810000000395F986DC3,400987034584
E2806810000000395F986190,47562927345
E2806810000000395F97355B,400987037431
E2806810000000395F986E4E,400986554809
E2806810000000395F972773,7665689765430
E2806810000000395F986AA0,400986562132
E2806810000000395F97FF63,9632589654735
E2806810000000395F974171,400986561982
E2806810000000395F976F1A,400987036496
E2806810000000395F977343,400986915990
E2806810000000395F987672,400987036502
E2806810000000395F97356C,400987036533
E2806810000000395F9736B2,400987036540
E2806810000000395F97357C,400987036519
E2806810000000395F986DB1,400987036526
E2806810000000395F97368E,400987036557
E2806810000000395F973412,400987036564
E2806810000000395F97290E,400987036571
E2806810000000395F971CBD,400987036595
E2806810000000395F980749,400987036588
E2806810000000395F98070B,400987036601
E2806810000000395F97367D,400987036618
E2806810000000395F972760,400987036625
E2806810000000395F97367C,400987036632
E2806810000000395F986E63,400987036649
E2806810000000395F9868FC,400987036656
E2806810000000395F986A8D,400987036663
E2806810000000395F973669,400987036670
E2806810000000395F9728FA,400987036687
E2806810000000395F976BB2,4578487598748
E2806810000000395F987686,400987036694
E2806810000000395F974184,400986554700
E2806810000000395F987416,7584758968780
E2806810000000395F9729F8,400986554748
E2806810000000395F986D9D,400986556025
E2806810000000395F975C61,1547895874693
E2806810000000395F976F2D,400986561821
E2806810000000395F9801FA,7848758798786
E2806810000000395F973327,400986795790
E2806810000000395F97FF77,7898754856980
E2806810000000395F976C21,400987029412
E2806810000000395F97274E,7845789689755
E2806810000000395F971067,400987239538
E2806810000000395F987130,28225407459
E2806810000000395F986E4F,400908460416
E2806810000000395F986D8A,337877122
E2806810000000395F986E14,400528550160
E2806810000000395F973583,337877115
E2806810000000395F976964,337780767
E2806810000000395F976C49,400827133521
E2806810000000395F9728E7,400893949521
E2806810000000395F973A94,337780781
E2806810000000395F97F68D,400893950268
E2806810000000395F971FE1,337780774
E2806810000000395F97709B,400893961080
E2806810000000395F972521,337781863
E2806810000000395F9769D7,400895326382
E2806810000000395F973C11,337792364
E2806810000000395F97330F,400902058893
E2806810000000395F986B90,337792371
E2806810000000395F973321,400902059418
E2806810000000395F980068,337815520
E2806810000000395F972F17,400918887838
E2806810000000395F9767C9,337815605
E2806810000000395F986DAD,400918892191
E2806810000000395F972A40,337822689
E2806810000000395F972A48,400926085608
E2806810000000395F986B66,400926085684
E2806810000000395F97730A,337822696
E2806810000000395F973460,337822702
E2806810000000395F973311,400926085769
E2806810000000395F97344E,337825239
E2806810000000395F98699E,400930259132
E2806810000000395F9736D9,337825246
E2806810000000395F975EDB,400930259545
E2806810000000395F986539,337825819
E2806810000000395F9747E6,400930260510
E2806810000000395F9816FE,337839311
E2806810000000395F9860A9,400948362909
E2806810000000395F975A12,337857292
E2806810000000395F972EC7,400991725911
E2806810000000395F9820FC,337857322
E2806810000000395F975775,400991727342
E2806810000000395F9860A0,337857285
E2806810000000395F981723,400991728196
E2806810000000395F974D45,337857308
E2806810000000395F975908,400991729599
E2806810000000395F98639D,400991729988
E2806810000000395F9758A9,337857346
E2806810000000395F974F07,400991731523
E2806810000000395F975147,337865099
E2806810000000395F975134,337866683
E2806810000000395F9863B4,400991733091
E2806810000000395F981711,337865082
E2806810000000395F9860B4,400991733572
E2806810000000395F974D31,400991735040
E2806810000000395F9758F4,337865228
E2806810000000395F975060,337866690
E2806810000000395F981A5F,400991737006
E2806810000000395F981C3A,337864337
E2806810000000395F982110,400991739659
E2806810000000395F9750FB,337857445
E2806810000000395F981F82,400991740464
E2806810000000395F985D6D,337864344
E2806810000000395F97591B,400991741324
E2806810000000395F975F0A,337857209
E2806810000000395F975A26,337857261
E2806810000000395F9864DF,400991737990
E2806810000000395F974AB9,400991742741
E2806810000000395F975533,337857223
E2806810000000395F981133,400991743656
E2806810000000395F980C76,337857384
E2806810000000395F975FCB,400991743915
E2806810000000395F980A13,337866706
E2806810000000395F975FDF,400991744189
E2806810000000395F9864CD,337866713
E2806810000000395F975874,400991744417
E2806810000000395F974CE1,337865181
E2806810000000395F9808FF,400991744776
E2806810000000395F981B14,337857407
E2806810000000395F975085,400991745001
E2806810000000395F975424,337857391
E2806810000000395F981A2D,400991745193
E2806810000000395F975DC5,70000090936
E2806810000000395F981094,400026304203
E2806810000000395F9760E9,70000669262
E2806810000000395F975BC4,400897319511
E2806810000000395F97542A,70000720574
E2806810000000395F97675F,400898104161
E2806810000000395F973689,70000820625
E2806810000000395F986C4C,400900823219
E2806810000000395F9802A0,70000790522
E2806810000000395F972F04,70000885679
E2806810000000395F986876,400902207079
E2806810000000395F9736C5,400903361442
E2806810000000395F972D91,400906696893
E2806810000000395F986BA4,70000841484
E2806810000000395F973451,70000894343
E2806810000000395F97343E,400907211293
E2806810000000395F9802C7,70000999918
E2806810000000395F986B53,400908655720
E2806810000000395F977330,400910856351
E2806810000000395F973B44,720473052183
E2806810000000395F97FF3B,400914125026
E2806810000000395F986977,70000535024
E2806810000000395F98764B,400914101860
E2806810000000395F973325,720473009330
E2806810000000395F976A35,70000946837
E2806810000000395F980722,400915707290
E2806810000000395F9801E4,400922508781
E2806810000000395F973320,400925234755
E2806810000000395F97731C,720473121445
E2806810000000395F973473,70000070976
E2806810000000395F972535,400933905425
E2806810000000395F976B8D,720473144963
E2806810000000395F9736A2,70000311710
E2806810000000395F973517,400933925720
E2806810000000395F976B67,400934002666
E2806810000000395F986C38,70000493164
E2806810000000395F97330C,400934073116
E2806810000000395F9870A4,70000523182
E2806810000000395F9732FB,70000575358
E2806810000000395F972787,400934083405
E2806810000000395F980EE3,70000257643
E2806810000000395F9801E3,400934084204
E2806810000000395F986511,70000583865
E2806810000000395F9870B7,400934092575
E2806810000000395F9870A3,70000160776
E2806810000000395F972695,400934178620
E2806810000000395F98765F,70000168680
E2806810000000395F986C6D,400934199144
E2806810000000395F986DF9,400920276620
E2806810000000395F972671,70000682438
E2806810000000395F986B54,720473038491
E2806810000000395F976DE5,400896624234
E2806810000000395F98708F,70000737381
E2806810000000395F973339,400897110149
E2806810000000395F97676C,70000776069
E2806810000000395F9736A1,400900083514
E2806810000000395F972C70,70000847370
E2806810000000395F972681,400902536599
E2806810000000395F97334E,70000765308
E2806810000000395F98698A,400904665358
E2806810000000395F973261,70000712838
E2806810000000395F9804A2,400907353221
E2806810000000395F986853,70000872402
E2806810000000395F972CF2,400906697623
E2806810000000395F973335,400934139560
E2806810000000395F972684,720473602609
E2806810000000395F97342C,400987278919
E2806810000000395F972949,22892196494
E2806810000000395F98003D,400920646669
E2806810000000395F98017C,400922054844
E2806810000000395F986525,29665153814
E2806810000000395F97F8E2,701933218257
E2806810000000395F980ACE,70000400490
E2806810000000395F97292F,400917202649
E2806810000000395F980ED7,29665153821
E2806810000000395F972A2E,400917220292
E2806810000000395F981A1A,29665156549
E2806810000000395F9764E4,29665159571
E2806810000000395F9760FC,400925312934
E2806810000000395F975EEE,29665156563
E2806810000000395F980D37,400924571264
E2806810000000395F975465,400924571554
E2806810000000395F97536C,29665159564
E2806810000000395F9721E2,400925315140
E2806810000000395F9732E0,29665159595
E2806810000000395F975739,400925315386
E2806810000000395F974FD3,29665159601
E2806810000000395F972D88,400925315430
E2806810000000395F976772,29665159618
E2806810000000395F986DBE,400925315539
E2806810000000395F980DB8,29665159724
E2806810000000395F97404D,400928571840
E2806810000000395F980C9F,29665159731
E2806810000000395F980B30,400928571888
E2806810000000395F9808D6,29665159755
E2806810000000395F976149,400928571963
E2806810000000395F974F6B,29665162809
E2806810000000395F9863F0,29665162847
E2806810000000395F9740D6,400931260892
E2806810000000395F975767,400931261424
E2806810000000395F9744F1,29665162748
E2806810000000395F985F3A,400932318738
E2806810000000395F9750E7,29665162762
E2806810000000395F975753,400932324265
E2806810000000395F9751D4,29665162779
E2806810000000395F975682,400932325590
E2806810000000395F973554,29665166234
E2806810000000395F9764B8,400937384158
E2806810000000395F9740EA,29665167057
E2806810000000395F9819FB,400937384462
E2806810000000395F9755BC,29665166210
E2806810000000395F975359,400937385612
E2806810000000395F975E41,29665166135
E2806810000000395F9767F2,400940119150
E2806810000000395F975015,29665166142
E2806810000000395F974FC0,400940119204
E2806810000000395F981F9D,400940119327
E2806810000000395F986864,29665166166
E2806810000000395F9867AD,29665166272
E2806810000000395F972B4F,400940127070
E2806810000000395F97561E,29665166159
E2806810000000395F9764D2,400940127841
E2806810000000395F980972,29665166289
E2806810000000395F98610A,400940128084
E2806810000000395F980955,29665166296
E2806810000000395F974BCC,400940128305
E2806810000000395F980904,29665166173
E2806810000000395F972D9C,400940128442
E2806810000000395F972B5D,29665166180
E2806810000000395F980AC1,400940128534
E2806810000000395F980E88,29665166197
E2806810000000395F975A8C,400940129357
E2806810000000395F98631F,29665166203
E2806810000000395F975BB0,400940129418
E2806810000000395F9750FF,29665166227
E2806810000000395F986402,400940129524
E2806810000000395F9818FF,29665166241
E2806810000000395F974DFD,400940129586
E2806810000000395F9757AD,29665167019
E2806810000000395F975BD8,400940129661
E2806810000000395F9808F1,29665167033
E2806810000000395F9753BA,400940129814
E2806810000000395F980C8B,400942485314
E2806810000000395F98630B,29665170101
E2806810000000395F976805,400942485697
E2806810000000395F9769DD,29665169976
E2806810000000395F980D2A,29665169969
E2806810000000395F974CF4,400945124098
E2806810000000395F975725,29665169983
E2806810000000395F97475C,400945124272
E2806810000000395F973334,29665169990
E2806810000000395F985F60,400945125187
E2806810000000395F9867BB,29665170002
E2806810000000395F9725A5,400945125248
E2806810000000395F9740FD,29665170019
E2806810000000395F974A6C,400945125552
E2806810000000395F986863,29665170026
E2806810000000395F9757F8,400945125705
E2806810000000395F973169,29665170033
E2806810000000395F986875,400945126214
E2806810000000395F972CA0,29665170040
E2806810000000395F97330D,400945128119
E2806810000000395F981F5A,29665170057
E2806810000000395F976471,400945128218
E2806810000000395F98018F,29665170064
E2806810000000395F98087F,400945128270
E2806810000000395F9861C2,29665170071
E2806810000000395F976734,400945128362
E2806810000000395F972E64,29665170095
E2806810000000395F9760D6,400945129017
E2806810000000395F980054,29665170118
E2806810000000395F98704C,400945141200
E2806810000000395F97343B,29665170125
E2806810000000395F975EC7,400945162403
E2806810000000395F975C3B,29665170132
E2806810000000395F973348,400945177476
E2806810000000395F973417,29665170149
E2806810000000395F98654D,400945177551
E2806810000000395F972B3C,29665170163
E2806810000000395F975724,400945177735
E2806810000000395F9820EA,29665170170
E2806810000000395F986DBF,400945177889
E2806810000000395F97343C,29665170576
E2806810000000395F986EB4,400945177919
E2806810000000395F9769E8,29665170583
E2806810000000395F9727CE,400945178138
E2806810000000395F980E87,29665170590
E2806810000000395F980C04,400945178206
E2806810000000395F986DAE,29665170613
E2806810000000395F97309A,400945178541
E2806810000000395F9745AD,29665170620
E2806810000000395F972EDB,400945178565
E2806810000000395F9867F1,29665170644
E2806810000000395F97336B,400945178794
E2806810000000395F972DB0,29665170651
E2806810000000395F973B30,400945178848
E2806810000000395F972F29,29665170675
E2806810000000395F973323,400945178916
E2806810000000395F9732FD,29665170682
E2806810000000395F986B7D,29665170699
E2806810000000395F986D17,400945178978
E2806810000000395F98020C,400945179067
E2806810000000395F97FFA7,29665170705
E2806810000000395F986DC0,400945179135
E2806810000000395F973B87,29665174383
E2806810000000395F9804E0,400950716738
E2806810000000395F98057C,29665174215
E2806810000000395F972B7A,400951201387
E2806810000000395F980040,29665174222
E2806810000000395F98617C,400951201486
E2806810000000395F974B27,29665174239
E2806810000000395F976AF6,400951201547
E2806810000000395F976CC8,29665174246
E2806810000000395F973597,400951201707
E2806810000000395F974222,29665174253
E2806810000000395F986D87,400951201844
E2806810000000395F973A80,29665174260
E2806810000000395F97FF7C,400951202759
E2806810000000395F987402,29665174307
E2806810000000395F973E4B,400951202872
E2806810000000395F9730FE,29665174314
E2806810000000395F976950,400951203206
E2806810000000395F975A10,29665174321
E2806810000000395F975C87,400951203237
E2806810000000395F975228,29665174338
E2806810000000395F980C4C,400951203282
E2806810000000395F975973,29665174345
E2806810000000395F980B4E,400951204012
E2806810000000395F9763BD,29665174352
E2806810000000395F974508,400951204104
E2806810000000395F9811FF,400951204159
E2806810000000395F98084A,29665174390
E2806810000000395F975ED2,29665174369
E2806810000000395F9817F4,400951204296
E2806810000000395F9865F7,29665174413
E2806810000000395F981912,400951204364
E2806810000000395F986CA7,29665174420
E2806810000000395F975CDA,400951204623
E2806810000000395F9729F7,29665174437
E2806810000000395F986641,400951204920
E2806810000000395F975839,29665174468
E2806810000000395F9753B2,400951206160
E2806810000000395F975CDF,29665174475
E2806810000000395F975C72,400951207099
E2806810000000395F9751E4,29665177117
E2806810000000395F975A24,400983243256
E2806810000000395F976392,29665177131
E2806810000000395F98607A,400983246226
E2806810000000395F9764B0,29665177148
E2806810000000395F9811FA,400983402172
E2806810000000395F974634,29665177155
E2806810000000395F97451C,400983402639
E2806810000000395F974FA7,29665177162
E2806810000000395F975960,400983402783
E2806810000000395F986272,29665177339
E2806810000000395F9817E0,29665177254
E2806810000000395F975AC2,400983507952
E2806810000000395F975C75,29665177179
E2806810000000395F974C86,400983508133
E2806810000000395F975EE5,29665177186
E2806810000000395F98660B,400983510174
E2806810000000395F974FE7,29665177193
E2806810000000395F9817EE,400983511041
E2806810000000395F97476B,29665177216
E2806810000000395F98662E,400983511874
E2806810000000395F981926,400983512536
E2806810000000395F975AB0,400983513304
E2806810000000395F975A38,29665177247
E2806810000000395F97616A,400983513816
E2806810000000395F974F92,29665177223
E2806810000000395F98625F,29665177230
E2806810000000395F980DEB,29665177322
E2806810000000395F980C5E,400983514769
E2806810000000395F97369E,400983482815
E2806810000000395F975AAF,29665177261
E2806810000000395F985546,400983515568
E2806810000000395F975613,29665177315
E2806810000000395F98108A,400983516510
E2806810000000395F9733FF,29665177346
E2806810000000395F975CB4,400983518309
E2806810000000395F97351D,29665177285
E2806810000000395F975291,400983530103
E2806810000000395F980B37,29665177445
E2806810000000395F976978,400983530165
E2806810000000395F976A14,29665177452
E2806810000000395F975CC7,400983530189
E2806810000000395F9763D0,400983533074
E2806810000000395F974FFB,29665177483
E2806810000000395F97603B,400983533425
E2806810000000395F9754C8,29665177476
E2806810000000395F985F72,29665177490
E2806810000000395F9755E3,400983533616
E2806810000000395F974B04,400983533913
E2806810000000395F975C45,29665177506
E2806810000000395F975C84,400983533982
E2806810000000395F976370,29665177537
E2806810000000395F981771,29665177513
E2806810000000395F97520E,400983534309
E2806810000000395F9819D3,29665177544
E2806810000000395F974EF3,400983534408
E2806810000000395F985EAA,29665156648
E2806810000000395F97537A,29665177551
E2806810000000395F976028,400983534989
E2806810000000395F975390,400924571745
E2806810000000395F98086E,29665159977
E2806810000000395F9819E7,400928569168
E2806810000000395F976003,29665159960
E2806810000000395F9816C7,400928568680
E2806810000000395F975EF7,29665159984
E2806810000000395F975479,400928571390
E2806810000000395F981802,29665160003
E2806810000000395F9755F7,400928571444
E2806810000000395F9821A6,29665162908
E2806810000000395F9749CD,400931271942
E2806810000000395F974F7F,29665162991
E2806810000000395F9759DA,400931272079
E2806810000000395F974C60,29665162885
E2806810000000395F981D05,400932336381
E2806810000000395F9750D3,29665162946
E2806810000000395F97617E,400932336787
E2806810000000395F981CF2,29665159991
E2806810000000395F97487D,400935932207
E2806810000000395F975AF6,29665166258
E2806810000000395F980B23,400940130254
E2806810000000395F97503B,400940130384
E2806810000000395F981CB4,29665166265
E2806810000000395F981972,29665166302
E2806810000000395F974757,400940130483
E2806810000000395F981C26,29665166319
E2806810000000395F9863FE,400940130575
E2806810000000395F975CA1,29665166326
E2806810000000395F97577B,400940130674
E2806810000000395F974B17,400942488384
E2806810000000395F975AC1,29665170200
E2806810000000395F981816,400942488513
E2806810000000395F981FB0,29665170187
E2806810000000395F986096,29665170194
E2806810000000395F981E7A,29665170217
E2806810000000395F97537E,400945179708
E2806810000000395F975FF3,29665172129
E2806810000000395F981D68,400949834221
E2806810000000395F981090,400945179548
E2806810000000395F981D54,29665172150
E2806810000000395F981029,400949834405
E2806810000000395F974EDF,29665174482
E2806810000000395F975B7F,400950717452
E2806810000000395F985E53,29665172143
E2806810000000395F97560B,400951207396
E2806810000000395F980ADA,29665172136
E2806810000000395F9816B4,400951207549
E2806810000000395F981FC4,29665174505
E2806810000000395F975029,400951223044
E2806810000000395F9817EA,29665174512
E2806810000000395F981EE1,400951223068
E2806810000000395F975A9E,29665174536
E2806810000000395F974C73,400951223082
E2806810000000395F975C31,29665174543
E2806810000000395F9758E1,400951223105
E2806810000000395F98085A,29665174550
E2806810000000395F975B6B,400951223129
E2806810000000395F9750C1,29665174581
E2806810000000395F974CDE,400951223143
E2806810000000395F9764A5,29665174598
E2806810000000395F98624B,400951223235
E2806810000000395F974A09,29665177360
E2806810000000395F974B2B,400983535290
E2806810000000395F975CAA,29665177407
E2806810000000395F980A99,400983535641
E2806810000000395F985F5E,29665177421
E2806810000000395F981140,400983536600
E2806810000000395F98661F,29665177575
E2806810000000395F986991,400983538291
E2806810000000395F975CB8,29665177582
E2806810000000395F9862F5,400983538741
E2806810000000395F9817B8,29665177599
E2806810000000395F9817CC,400983539236
E2806810000000395F9758CF,29665177605
E2806810000000395F974E3B,400983539427
E2806810000000395F97698B,29665177667
E2806810000000395F9754A1,400983541031
E2806810000000395F9850C4,29665177636
E2806810000000395F981CA0,400983542113
E2806810000000395F975263,29665177124
E2806810000000395F980CC7,400955410440
E2806810000000395F980FC5,42429761698
E2806810000000395F9755FF,400923489195
E2806810000000395F981F07,42429493414
E2806810000000395F975F95,400952393739
E2806810000000395F9753F0,79767974435
E2806810000000395F975C97,400942818068
E2806810000000395F976121,79767972363
E2806810000000395F9751FA,400933141519
E2806810000000395F9754B5,13205095924
E2806810000000395F986504,400897540021
E2806810000000395F975CCC,400925974118
E2806810000000395F976509,13205082993
E2806810000000395F974BE0,13205103575
E2806810000000395F98662F,400942716555
E2806810000000395F98675B,13205103582
E2806810000000395F986B52,400944669064
E2806810000000395F975E05,13205103599
E2806810000000395F974335,400944669644
E2806810000000395F975A4A,13205106880
E2806810000000395F9732B8,400952562159
E2806810000000395F976773,13205098338
E2806810000000395F9750DB,400931282429
E2806810000000395F976786,13205103667
E2806810000000395F980EE7,400943657444
E2806810000000395F980EDC,13205113406
E2806810000000395F980ABB,400210032820
E2806810000000395F974061,400210032837
E2806810000000395F97FF4F,400210032868
E2806810000000395F980B3E,13205113420
E2806810000000395F980CB3,13205113413
E2806810000000395F9764F7,13205113437
E2806810000000395F9751E6,400763906159
E2806810000000395F976014,400915992849
E2806810000000395F974632,723765198798
E2806810000000395F974B00,400915992856
E2806810000000395F980A5F,723765198781
E2806810000000395F98674E,400915992863
E2806810000000395F974646,723765198811
E2806810000000395F975071,400921745873
E2806810000000395F981D19,884409182051
E2806810000000395F982070,400914947932
E2806810000000395F974D49,609465517292
E2806810000000395F980871,400914947949
E2806810000000395F9753ED,609465517308
E2806810000000395F986305,400914948496
E2806810000000395F975572,609465517315
E2806810000000395F975D02,400914948502
E2806810000000395F981679,400914952585
E2806810000000395F975D9F,609465517322
E2806810000000395F975EE9,609465517490
E2806810000000395F975C69,400914952592
E2806810000000395F974574,609465517513
E2806810000000395F981C60,400914952608
E2806810000000395F981A4B,609465517506
E2806810000000395F976040,400914953612
E2806810000000395F985F55,609465517544
E2806810000000395F981148,400914953629
E2806810000000395F97631D,609465517551
E2806810000000395F976396,400919592809
E2806810000000395F975E79,723765230832
E2806810000000395F9804F4,400919592816
E2806810000000395F981A8A,723765230849
E2806810000000395F97670E,400991412446
E2806810000000395F9751EB,400991412439
E2806810000000395F9763B9,400991412453
E2806810000000395F9757D2,888664529644
E2806810000000395F9761FD,400991412460
E2806810000000395F973E84,888664529651
E2806810000000395F9756BE,888664529637
E2806810000000395F973F1C,888664529668
E2806810000000395F974CED,400991412477
E2806810000000395F972B54,888664529682
E2806810000000395F973F31,400991412484
E2806810000000395F973403,888664529699
E2806810000000395F97FFA4,400991412491
E2806810000000395F973E70,888664529705
E2806810000000395F9738C8,400993505214
E2806810000000395F9770D7,888664723905
E2806810000000395F975EA3,400993505221
E2806810000000395F973127,888664723912
E2806810000000395F975BEB,400993505238
E2806810000000395F972FDE,888664723929
E2806810000000395F986964,400993505245
E2806810000000395F97FF7F,888664723936
E2806810000000395F986B8E,400993505252
E2806810000000395F98002E,888664723943
E2806810000000395F9728F5,400993505269
E2806810000000395F972C91,888664723950
E2806810000000395F976E63,400991406056
E2806810000000395F986B79,888664545323
E2806810000000395F986CCE,888664545316
E2806810000000395F97719C,400991406063
E2806810000000395F97349F,400991406087
E2806810000000395F986B8D,400991406070
E2806810000000395F972C59,888664545330
E2806810000000395F986EDB,888664545347
E2806810000000395F972A31,400991406094
E2806810000000395F9874C3,400993505276
E2806810000000395F986E37,888664723967
E2806810000000395F9873EE,888664545361
E2806810000000395F973053,400991406100
E2806810000000395F9735AA,888664545378
E2806810000000395F9771AF,400991406117
E2806810000000395F9801BE,400991412552
E2806810000000395F973E5E,888664529934
E2806810000000395F972B40,400991412576
E2806810000000395F986CBA,400991412569
E2806810000000395F97241F,888664529958
E2806810000000395F976CDB,888664545385
E2806810000000395F9738DC,888664529941
E2806810000000395F97FF90,400991412583
E2806810000000395F986EEF,888664529965
E2806810000000395F9743F2,400991412590
E2806810000000395F986D86,888664529989
E2806810000000395F987731,400991412606
E2806810000000395F976F53,888664529996
E2806810000000395F98608D,400991412613
E2806810000000395F972C7D,888664530008
E2806810000000395F9728B7,400309025238
E2806810000000395F972909,888665476664
E2806810000000395F972E9D,400309025245
E2806810000000395F97629C,888665476671
E2806810000000395F9766FB,400309025252
E2806810000000395F9737CB,888665476688
E2806810000000395F97455F,400309025269
E2806810000000395F97FF14,888665476695
E2806810000000395F980C38,400309025344
E2806810000000395F976398,888665476718
E2806810000000395F972E8A,400309025351
E2806810000000395F975EB6,888665476725
E2806810000000395F9763AB,400464817129
E2806810000000395F980BBE,400309025337
E2806810000000395F974D55,888665476701
E2806810000000395F975DB3,888458921371
E2806810000000395F976047,400464817136
E2806810000000395F975214,888458921395
E2806810000000395F976288,400464817150
E2806810000000395F9757BF,888458921401
E2806810000000395F986010,888458921388
E2806810000000395F973306,400464817174
E2806810000000395F974EC1,400464817167
E2806810000000395F972562,888458921418
E2806810000000395F975E8C,400464817143
E2806810000000395F980E76,888458921425
E2806810000000395F9747BF,400464817181
E2806810000000395F981784,888458921432
E2806810000000395F974F99,400611827452
E2806810000000395F980A62,888458918388
E2806810000000395F9753DA,400611827469
E2806810000000395F975CEE,400611827476
E2806810000000395F976343,888458918401
E2806810000000395F97517F,888458918395
E2806810000000395F9867D8,400611827483
E2806810000000395F975A8B,888458918418
E2806810000000395F9762FA,400611827490
E2806810000000395F975EFB,888458918449
E2806810000000395F986319,888458918432
E2806810000000395F981798,400611827551
E2806810000000395F974A30,400736255734
E2806810000000395F981F6D,888458918456
E2806810000000395F985FFD,400611827544
E2806810000000395F9755AD,888458918463
E2806810000000395F97574B,400736255741
E2806810000000395F974A72,888458918470
E2806810000000395F97572D,400736255758
E2806810000000395F981F1A,888458918487
E2806810000000395F975EB3,400736255765
E2806810000000395F980D67,888458918494
E2806810000000395F974D00,400736255772
E2806810000000395F980C2B,888458918517
E2806810000000395F9762F7,400736255789
E2806810000000395F974E4E,400736255833
E2806810000000395F974F81,888458918524
E2806810000000395F9763A9,888458918531
E2806810000000395F9867F2,400952336347
E2806810000000395F9867E0,887253035337
E2806810000000395F980DC7,400952336361
E2806810000000395F986B7A,400952336354
E2806810000000395F97493A,887253035344
E2806810000000395F980193,887253035351
E2806810000000395F9867A5,400952336378
E2806810000000395F973581,887253035368
E2806810000000395F9806F9,400952336385
E2806810000000395F986889,887253035375
E2806810000000395F97357B,400952336392
E2806810000000395F975A11,887253035382
E2806810000000395F987060,400952336408
E2806810000000395F972A92,887253035399
E2806810000000395F972A09,887253035269
E2806810000000395F972A1B,400952337634
E2806810000000395F97356A,400952337627
E2806810000000395F975D69,887253035276
E2806810000000395F986CCF,400952337641
E2806810000000395F9867B2,887253035283
E2806810000000395F972930,400952337658
E2806810000000395F9752C1,887253035290
E2806810000000395F980CE8,400952337665
E2806810000000395F980913,887253035306
E2806810000000395F9861EA,400952337672
E2806810000000395F975C4F,887253035313
E2806810000000395F975255,400952337689
E2806810000000395F981ADA,887253035320
E2806810000000395F9865E3,400952338143
E2806810000000395F974E24,886535948266
E2806810000000395F974D35,400952338150
E2806810000000395F9756D0,886535948273
E2806810000000395F986286,400952338167
E2806810000000395F974EAF,886535948280
E2806810000000395F9808B2,400952338174
E2806810000000395F974272,886535948297
E2806810000000395F980B60,400952338181
E2806810000000395F9811C8,886535948303
E2806810000000395F9753C6,400952338198
E2806810000000395F974ED1,886535948327
E2806810000000395F985DBF,400952338204
E2806810000000395F9861D6,886535948334
E2806810000000395F9861F8,400952338679
E2806810000000395F980A4F,886535948372
E2806810000000395F98168D,400952338686
E2806810000000395F976295,886535948389
E2806810000000395F981CB3,400952338693
E2806810000000395F975B78,886535948396
E2806810000000395F974E0A,400952338709
E2806810000000395F974671,886535948402
E2806810000000395F97559B,400952338716
E2806810000000395F9762A9,886535948419
E2806810000000395F9861BE,400952338723
E2806810000000395F98708C,886535948433
E2806810000000395F981C4E,400952338730
E2806810000000395F9821B9,886535948440
E2806810000000395F981D2D,400991409781
E2806810000000395F981EB4,888664545224
E2806810000000395F985F42,888664545217
E2806810000000395F9862F2,400991409804
E2806810000000395F975583,400991409798
E2806810000000395F9758BC,888664545231
E2806810000000395F980CAF,400991409811
E2806810000000395F9732CC,888664545248
E2806810000000395F975E19,400991409828
E2806810000000395F976DF8,888664545262
E2806810000000395F980AA7,400991409835
E2806810000000395F976799,888664545279
E2806810000000395F9759EC,400991409842
E2806810000000395F97333B,888664545286
E2806810000000395F972C69,400991411920
E2806810000000395F980EF8,888664529736
E2806810000000395F974468,400991411937
E2806810000000395F98028C,888664529743
E2806810000000395F980E35,400991411944
E2806810000000395F975738,888664529750
E2806810000000395F981A41,400991411951
E2806810000000395F9863DA,888664529767
E2806810000000395F9867BC,400991411968
E2806810000000395F9755EB,888664529781
E2806810000000395F9752EF,400991411975
E2806810000000395F975E2D,888664529804
E2806810000000395F9747C2,400991413306
E2806810000000395F97474A,888664529798
E2806810000000395F980D43,400991411982
E2806810000000395F976195,888664529835
E2806810000000395F975FA8,400991413313
E2806810000000395F97574C,888664529842
E2806810000000395F9744C9,400991413320
E2806810000000395F980EEE,888664529859
E2806810000000395F974AD1,400991413337
E2806810000000395F97638B,888664529866
E2806810000000395F97381A,400991413344
E2806810000000395F972B0F,888664529880
E2806810000000395F97579A,400991413351
E2806810000000395F975421,888664529897
E2806810000000395F9801D2,400991413368
E2806810000000395F9861B8,888664529903
E2806810000000395F984D30,400991414853
E2806810000000395F9750EB,888664529040
E2806810000000395F972FC1,400991414860
E2806810000000395F973426,888664529057
E2806810000000395F9742D9,400991414877
E2806810000000395F986C80,888664529064
E2806810000000395F9736C4,400991414884
E2806810000000395F986910,888664529071
E2806810000000395F97368F,400991414891
E2806810000000395F9870CB,888664529088
E2806810000000395F972D7F,400991414907
E2806810000000395F972D6B,888664529095
E2806810000000395F9801D0,888664529101
E2806810000000395F9801CF,400991417410
E2806810000000395F972AB9,400991414914
E2806810000000395F972943,888664529224
E2806810000000395F97524F,400991417427
E2806810000000395F9860A5,888664529231
E2806810000000395F97575F,400991417434
E2806810000000395F9767CE,888664529248
E2806810000000395F97FF91,400991417441
E2806810000000395F972957,888664529255
E2806810000000395F973474,400991417458
E2806810000000395F9728D3,888664529262
E2806810000000395F972D05,400991417465
E2806810000000395F980BAA,888664529279
E2806810000000395F987078,400991417472
E2806810000000395F9735A3,888664529286
E2806810000000395F975B1D,400991418059
E2806810000000395F974405,888664529132
E2806810000000395F976156,400991418066
E2806810000000395F980DE4,888664529149
E2806810000000395F9755C1,400991418073
E2806810000000395F97653D,888664529156
E2806810000000395F985303,400991418080
E2806810000000395F980A76,888664529163
E2806810000000395F980FA9,400991418097
E2806810000000395F98652C,888664529170
E2806810000000395F98672A,400991418103
E2806810000000395F97570B,888664529187
E2806810000000395F974B81,400991418110
E2806810000000395F974D3B,888664529194
E2806810000000395F98668C,400991418721
E2806810000000395F980066,888664528869
E2806810000000395F972D42,400991418738
E2806810000000395F980248,888664528876
E2806810000000395F973066,400991418745
E2806810000000395F972F8E,888664528883
E2806810000000395F986458,400991418752
E2806810000000395F986DE4,888664528890
E2806810000000395F973A6C,400991418769
E2806810000000395F9728F9,888664528906
E2806810000000395F97356E,400991418776
E2806810000000395F9765A3,888664528913
E2806810000000395F9821D4,400991418783
E2806810000000395F986805,888664528920
E2806810000000395F976A02,400991422513
E2806810000000395F974588,888664579939
E2806810000000395F9728E2,400991422520
E2806810000000395F974D68,888664579946
E2806810000000395F980E9B,400991422537
E2806810000000395F9756F8,888664579953
E2806810000000395F98717A,400991422544
E2806810000000395F981D18,888664579960
E2806810000000395F9862F7,400991422551
E2806810000000395F985E0D,888664579977
E2806810000000395F9753E1,400991422568
E2806810000000395F98070C,888664579984
E2806810000000395F975740,400991423978
E2806810000000395F9763E0,888664528951
E2806810000000395F976559,400991423985
E2806810000000395F9868C6,888664528968
E2806810000000395F9861A4,400991423992
E2806810000000395F98113A,888664528975
E2806810000000395F9750EF,400991424005
E2806810000000395F9730D5,888664528982
E2806810000000395F9740C4,400991424012
E2806810000000395F980941,888664528999
E2806810000000395F9744DD,400991424029
E2806810000000395F97551E,888664529002
E2806810000000395F98676F,400991424036
E2806810000000395F975B57,888664529019
E2806810000000395F974AE5,400991429833
E2806810000000395F986E0D,888664580096
E2806810000000395F9801BB,400991429840
E2806810000000395F972E06,888664580102
E2806810000000395F98669D,400991429857
E2806810000000395F986B65,888664580119
E2806810000000395F986B78,400991429864
E2806810000000395F972ACD,888664580126
E2806810000000395F972AE1,400991429871
E2806810000000395F98711C,888664580133
E2806810000000395F97F909,400991429888
E2806810000000395F97FF53,888664580140
E2806810000000395F9729F3,400991430563
E2806810000000395F97540D,888664580010
E2806810000000395F987108,400991430570
E2806810000000395F97334B,888664580027
E2806810000000395F9758ED,400991430587
E2806810000000395F972591,888664580034
E2806810000000395F9802DA,400991430594
E2806810000000395F981B00,888664580058
E2806810000000395F986066,400991430617
E2806810000000395F986557,888664580065
E2806810000000395F985F1B,400991431584
E2806810000000395F986E28,888664579670
E2806810000000395F986954,888664580041
E2806810000000395F9808C6,400991430600
E2806810000000395F980FB7,400991431591
E2806810000000395F9821E6,888664579687
E2806810000000395F985DD3,400991431607
E2806810000000395F974B3B,888664579694
E2806810000000395F981EA0,400991431614
E2806810000000395F975883,888664579809
E2806810000000395F974A43,400991431621
E2806810000000395F9821B8,888664579816
E2806810000000395F986654,400991431638
E2806810000000395F975512,888664579823
E2806810000000395F97630B,400991432734
E2806810000000395F975825,888664579854
E2806810000000395F975EBE,400991432741
E2806810000000395F975269,888664579861
E2806810000000395F974DF5,400991432758
E2806810000000395F9749B9,888664579878
E2806810000000395F980E51,400991432765
E2806810000000395F981985,888664579885
E2806810000000395F973530,400991432772
E2806810000000395F981AC6,888664579892
E2806810000000395F975B2F,400991432789
E2806810000000395F985F2F,888664579908
E2806810000000395F984FAB,806434017702
E2806810000000395F975DEB,806434017719
E2806810000000395F9861D2,806434017726
E2806810000000395F98112C,806434017733
E2806810000000395F974A1D,806434017740
E2806810000000395F974BFE,806434017757
E2806810000000395F9761A7,806434017764
E2806810000000395F974BB0,806434017788
E2806810000000395F975C57,806434017795
E2806810000000395F97516E,806434017771
E2806810000000395F974A85,806434017801
E2806810000000395F981D40,806434017818
E2806810000000395F9863EC,806434017825
E2806810000000395F975001,806434017849
E2806810000000395F98611E,806434017559
E2806810000000395F973229,806434017832
E2806810000000395F974B1D,806434017566
E2806810000000395F986A77,806434017597
E2806810000000395F9729F5,806434017603
E2806810000000395F985F80,806434017573
E2806810000000395F98717B,806434017580
E2806810000000395F981F35,806434017610
E2806810000000395F97450D,806434017627
E2806810000000395F981C9F,806434017634
E2806810000000395F984D56,806434017641
E2806810000000395F97515B,806434017658
E2806810000000395F986082,806434017665
E2806810000000395F980D1B,806434017672
E2806810000000395F9769EE,806434017689
E2806810000000395F9867C0,400991426672
E2806810000000395F973931,806434017696
E2806810000000395F986988,717502258180
E2806810000000395F972D56,400991426689
E2806810000000395F985FE9,717502258197
E2806810000000395F9760B5,400991426696
E2806810000000395F986449,717502258203
E2806810000000395F986E0C,400991426702
E2806810000000395F9801A3,717502258210
E2806810000000395F972B85,400991426719
E2806810000000395F9867C8,717502258227
E2806810000000395F973146,400991426726
E2806810000000395F9757E4,717502258234
E2806810000000395F9728CE,400991426733
E2806810000000395F974EA7,717502258258
E2806810000000395F976787,717502258241
E2806810000000395F974B31,400991426740
E2806810000000395F974A0A,887219357299
E2806810000000395F974BC4,400953732032
E2806810000000395F980AAA,400953732049
E2806810000000395F981A0F,887219357305
E2806810000000395F981AED,400953732056
E2806810000000395F976001,887219357312
E2806810000000395F975896,400953732063
E2806810000000395F97FF28,887219357329
E2806810000000395F975C6B,400953732070
E2806810000000395F985F49,887219378485
E2806810000000395F9863C8,400953732087
E2806810000000395F974F72,887219378492
E2806810000000395F974521,400953732094
E2806810000000395F986A63,887219378508
E2806810000000395F974D7C,400953732100
E2806810000000395F973159,887219378515
E2806810000000395F9769CA,400953732117
E2806810000000395F985F30,887219378553
E2806810000000395F9818EB,400953732124
E2806810000000395F981039,887219378560
E2806810000000395F974CF1,400953732131
E2806810000000395F986A4F,887219378577
E2806810000000395F986728,400953732148
E2806810000000395F974585,887219378584
E2806810000000395F973594,400953732155
E2806810000000395F97314E,887219378621
E2806810000000395F972D6A,400953732162
E2806810000000395F973337,887219378638
E2806810000000395F973F08,400953732179
E2806810000000395F987179,887219378645
E2806810000000395F9728E5,400953732186
E2806810000000395F97382D,887219378652
E2806810000000395F97355C,400953837102
E2806810000000395F986D85,887219357367
E2806810000000395F97354C,400953837119
E2806810000000395F97615C,400953837126
E2806810000000395F986DFD,887219357374
E2806810000000395F97250E,887219357381
E2806810000000395F9735A7,400953837133
E2806810000000395F97364F,887219357398
E2806810000000395F97313A,400944075339
E2806810000000395F9863E4,887253928295
E2806810000000395F974D90,400944075346
E2806810000000395F97344D,887253928301
E2806810000000395F973840,400944075353
E2806810000000395F971FF4,887253928318
E2806810000000395F97324D,400944075360
E2806810000000395F973854,887253928325
E2806810000000395F9724D1,400944075377
E2806810000000395F97487B,887253928394
E2806810000000395F9752E2,400944075384
E2806810000000395F985D04,887253928400
E2806810000000395F976540,400944075391
E2806810000000395F980A72,887253928417
E2806810000000395F973663,400944075407
E2806810000000395F972C81,887253928424
E2806810000000395F986A3B,400944075414
E2806810000000395F985F1C,887253928448
E2806810000000395F986092,400944075421
E2806810000000395F98119E,887253928455
E2806810000000395F985F7B,400944075438
E2806810000000395F974C38,887253928462
E2806810000000395F975C3C,400944075445
E2806810000000395F974891,887253928479
E2806810000000395F986309,400944075452
E2806810000000395F985F08,887253928493
E2806810000000395F985D17,400944075469
E2806810000000395F97592E,400944075476
E2806810000000395F975AE2,887253928509
E2806810000000395F981D2C,887253928516
E2806810000000395F9754AC,400944075483
E2806810000000395F97527D,887253928523
E2806810000000395F985483,400989641148
E2806810000000395F9821F9,887253711002
E2806810000000395F9811AD,400989641155
E2806810000000395F974E97,887253711019
E2806810000000395F981A63,400989642169
E2806810000000395F974506,887253711026
E2806810000000395F974D59,400989642176
E2806810000000395F975525,887253711033
E2806810000000395F981F19,400989642183
E2806810000000395F9752DC,887921261099
E2806810000000395F9748AB,400989642190
E2806810000000395F984F85,887921261105
E2806810000000395F975403,400989642206
E2806810000000395F986607,887921261112
E2806810000000395F9811BB,400989642213
E2806810000000395F9861A5,887921261129
E2806810000000395F981998,400989642220
E2806810000000395F975B43,888664375043
E2806810000000395F975DFD,400989642237
E2806810000000395F974AF0,888664375050
E2806810000000395F98089E,400989642244
E2806810000000395F986DF8,888664375067
E2806810000000395F986762,400989642251
E2806810000000395F975860,888664375074
E2806810000000395F9759E2,400991656178
E2806810000000395F9756DB,887921563216
E2806810000000395F974A98,400991656185
E2806810000000395F9863FF,887921563223
E2806810000000395F974DCD,400991656192
E2806810000000395F980885,887921563230
E2806810000000395F973405,400991656208
E2806810000000395F972B79,887921563247
E2806810000000395F9749E1,400991656215
E2806810000000395F981048,887921563360
E2806810000000395F980A96,400991656222
E2806810000000395F976223,887921563377
E2806810000000395F981ECD,400991656239
E2806810000000395F984D43,887921563384
E2806810000000395F981CDB,400991656246
E2806810000000395F972B09,887921563391
E2806810000000395F98707B,400991656253
E2806810000000395F974A58,887921563414
E2806810000000395F9861E6,400991656260
E2806810000000395F97323B,887921563421
E2806810000000395F9769B7,400991656277
E2806810000000395F973677,400991656284
E2806810000000395F9763F5,887921563438
E2806810000000395F985E20,887921563445
E2806810000000395F9863F8,400991656291
E2806810000000395F973418,887921563469
E2806810000000395F97FFBB,400991656307
E2806810000000395F972AF6,887921563476
E2806810000000395F97266E,400991656314
E2806810000000395F9769C4,887921563483
E2806810000000395F98057F,400991656321
E2806810000000395F974015,887921563490
E2806810000000395F9741FA,400991656338
E2806810000000395F980FE2,887921563513
E2806810000000395F9861B9,400991656345
E2806810000000395F974D80,887921563520
E2806810000000395F98673C,400991656352
E2806810000000395F974C4D,887921563537
E2806810000000395F9759D0,400991656369
E2806810000000395F981812,887921563544
E2806810000000395F975ACF,400991663404
E2806810000000395F986518,888458662670
E2806810000000395F975498,400991663411
E2806810000000395F974D6C,888458662687
E2806810000000395F9753DE,400991663428
E2806810000000395F981E8D,888458662694
E2806810000000395F98661B,400991663435
E2806810000000395F975539,888458662700
E2806810000000395F98617D,400991663442
E2806810000000395F975355,888458662724
E2806810000000395F9817FE,400991663459
E2806810000000395F980CD7,888458662731
E2806810000000395F980E08,400991663466
E2806810000000395F980CC3,888458662748
E2806810000000395F985F5B,400991663473
E2806810000000395F980FBF,888458662755
E2806810000000395F986191,400991663480
E2806810000000395F975077,888458662779
E2806810000000395F985497,400991663497
E2806810000000395F976565,888458662786
E2806810000000395F985F6E,400991663503
E2806810000000395F976578,888458662793
E2806810000000395F974C9D,400991663510
E2806810000000395F974EAB,888458662809
E2806810000000395F9752C8,400991663527
E2806810000000395F981A76,888458662823
E2806810000000395F975EAC,400991663534
E2806810000000395F9754C0,888458662830
E2806810000000395F973503,400991663541
E2806810000000395F986888,888458662847
E2806810000000395F975C62,400991663558
E2806810000000395F972E1A,888458662854
E2806810000000395F97FF3C,400991663565
E2806810000000395F9760BF,888458662922
E2806810000000395F9730AE,400991663572
E2806810000000395F980E83,888458662939
E2806810000000395F9801B6,400991663589
E2806810000000395F972AD0,888458662946
E2806810000000395F972B52,400991663596
E2806810000000395F986CBB,888458662953
E2806810000000395F9860AB,400991665248
E2806810000000395F986132,888458799925
E2806810000000395F984F98,400991665255
E2806810000000395F976DBD,888458799932
E2806810000000395F9738F0,400991665262
E2806810000000395F9748BE,888458799949
E2806810000000395F972433,400991665279
E2806810000000395F97302B,888458799956
E2806810000000395F986AE0,400991665286
E2806810000000395F976F40,888458799970
E2806810000000395F9756B7,400991665293
E2806810000000395F9734B2,888458799987
E2806810000000395F981AD9,400991665309
E2806810000000395F986540,888458799994
E2806810000000395F98085D,400991665316
E2806810000000395F974065,888458800003
E2806810000000395F9808F7,400991665323
E2806810000000395F97345F,888458800225
E2806810000000395F9746ED,400991665330
E2806810000000395F975648,888458800232
E2806810000000395F9761BB,400991665347
E2806810000000395F975DC7,888458800249
E2806810000000395F9761E2,400991665354
E2806810000000395F976281,888458800256
E2806810000000395F974C89,400991667129
E2806810000000395F980B00,888458652541
E2806810000000395F981951,400991667136
E2806810000000395F981F47,888458652558
E2806810000000395F98546F,400991667143
E2806810000000395F980AAD,888458652565
E2806810000000395F9752CE,400991667150
E2806810000000395F974F8C,888458652572
E2806810000000395F9852EC,400991667167
E2806810000000395F9751F1,888458652596
E2806810000000395F975702,400991667174
E2806810000000395F9767DD,888458652602
E2806810000000395F973346,400991667181
E2806810000000395F972C55,888458652619
E2806810000000395F976135,888458652626
E2806810000000395F974A46,400991667204
E2806810000000395F976449,888458652695
E2806810000000395F9867AE,400991667198
E2806810000000395F9753CA,400991667211
E2806810000000395F9769A3,888458652701
E2806810000000395F9767CB,400991667228
E2806810000000395F98521A,888458652718
E2806810000000395F980AEC,400991667235
E2806810000000395F974798,888458652725
E2806810000000395F985E96,400991667242
E2806810000000395F975796,888458652749
E2806810000000395F986C5E,400991667259
E2806810000000395F973357,888458652756
E2806810000000395F9801F8,400991667266
E2806810000000395F980367,888458652763
E2806810000000395F975FF1,400991667273
E2806810000000395F975826,888458652770
E2806810000000395F9860F6,400991667280
E2806810000000395F9760CC,888664021773
E2806810000000395F98718D,400991667297
E2806810000000395F97342B,888664021780
E2806810000000395F974701,400991667303
E2806810000000395F981056,888664021797
E2806810000000395F980E25,400991667310
E2806810000000395F9751D2,888664021803
E2806810000000395F980CEC,400925911830
E2806810000000395F9808E3,886535110724
E2806810000000395F980A85,400925911847
E2806810000000395F9854AB,886535110731
E2806810000000395F972BAA,400925911854
E2806810000000395F972B98,886535110748
E2806810000000395F973123,400925911861
E2806810000000395F972C7C,886535110755
E2806810000000395F973472,400925911878
E2806810000000395F97328C,886535110779
E2806810000000395F97420E,400925911885
E2806810000000395F97FF08,886535110786
E2806810000000395F972C95,400925911892
E2806810000000395F986783,886535110793
E2806810000000395F972576,400925911908
E2806810000000395F9728D1,886535110809
E2806810000000395F98646A,400925911915
E2806810000000395F974051,886535110823
E2806810000000395F986BA1,400925911922
E2806810000000395F973213,886535110830
E2806810000000395F980041,400925911939
E2806810000000395F974078,886535110847
E2806810000000395F97403D,400925911946
E2806810000000395F97517B,886535110854
E2806810000000395F975116,400925911953
E2806810000000395F98008F,886535110878
E2806810000000395F986D3D,400925911960
E2806810000000395F972F34,886535110885
E2806810000000395F972698,400925911977
E2806810000000395F981CC7,886535110892
E2806810000000395F981EF6,400925911984
E2806810000000395F981AB3,886535110908
E2806810000000395F975ED6,400925911991
E2806810000000395F974E12,886535110922
E2806810000000395F97548D,400925912004
E2806810000000395F97626E,886535110939
E2806810000000395F974E6F,400925912011
E2806810000000395F974756,886535110946
E2806810000000395F974F94,400925912028
E2806810000000395F981F08,886535110953
E2806810000000395F9747D5,400944074196
E2806810000000395F9850B0,886535849471
E2806810000000395F9749F5,400944074202
E2806810000000395F97507E,886535849488
E2806810000000395F975E99,400944074219
E2806810000000395F9762E3,886535849495
E2806810000000395F9747E9,400944074226
E2806810000000395F982193,886535849501
E2806810000000395F98086B,400944074233
E2806810000000395F9764DD,886535849525
E2806810000000395F972B4B,400944074240
E2806810000000395F973A0E,886535849532
E2806810000000395F9867DC,400944074257
E2806810000000395F974B6D,886535849549
E2806810000000395F98771E,886535849556
E2806810000000395F9868F8,400944074264
E2806810000000395F9863BB,400944074271
E2806810000000395F9863CD,887253934128
E2806810000000395F9737A4,400944074288
E2806810000000395F974B0A,887253934135
E2806810000000395F97519E,400944074295
E2806810000000395F974DC6,887253934142
E2806810000000395F974DB3,400944074301
E2806810000000395F9736A0,887253934159
E2806810000000395F9801A8,400944074318
E2806810000000395F98029D,887253934227
E2806810000000395F972A2F,400944074325
E2806810000000395F975169,887253934234
E2806810000000395F975DD0,400944074332
E2806810000000395F9874AF,887253934241
E2806810000000395F9728F1,400944074349
E2806810000000395F980B2A,887253934258
E2806810000000395F980B5A,400951704628
E2806810000000395F986A8E,887921579149
E2806810000000395F973A21,400951704642
E2806810000000395F980893,400951704604
E2806810000000395F9744E1,400951704666
E2806810000000395F9727B3,887921579156
E2806810000000395F980180,887921579132
E2806810000000395F972920,887921579163
E2806810000000395F97357F,400951704680
E2806810000000395F972E77,887921579125
E2806810000000395F980E99,400951704703
E2806810000000395F9767A6,887921579187
E2806810000000395F972EFC,400951704727
E2806810000000395F9724BF,887921579200
E2806810000000395F97368D,400951704765
E2806810000000395F972B38,887921579217
E2806810000000395F9733EE,887921579194
E2806810000000395F9768F3,400951704741
E2806810000000395F980B96,400951704789
E2806810000000395F98668B,887921579170
E2806810000000395F980053,400951704796
E2806810000000395F97311E,887921579231
E2806810000000395F974ABF,400951704802
E2806810000000395F973211,887921579248
E2806810000000395F975901,887921579255
E2806810000000395F972DF3,400951704819
E2806810000000395F974F86,400951704826
E2806810000000395F9868D5,887921579262
E2806810000000395F9809DD,400951704833
E2806810000000395F986CCD,887921579224
E2806810000000395F980E7E,400951704840
E2806810000000395F974AAC,887921579286
E2806810000000395F973212,400951704857
E2806810000000395F97334A,887921579293
E2806810000000395F98699D,400951704864
E2806810000000395F9868B9,887921579309
E2806810000000395F98090A,400951704871
E2806810000000395F973278,887921579316
E2806810000000395F986C92,400989668121
E2806810000000395F976114,400951704888
E2806810000000395F975652,887921579279
E2806810000000395F9751B0,887921081567
E2806810000000395F986335,400989668138
E2806810000000395F986976,887921081574
E2806810000000395F986E3A,400989668145
E2806810000000395F973336,887921081581
E2806810000000395F97343D,400989668152
E2806810000000395F980D72,887921081598
E2806810000000395F9734EF,400989681168
E2806810000000395F972C8E,888664236214
E2806810000000395F9740A0,400989681175
E2806810000000395F980D85,888664236207
E2806810000000395F97FF44,400989681182
E2806810000000395F980D74,888664236191
E2806810000000395F972B29,400989681199
E2806810000000395F974961,888664236221
E2806810000000395F97600C,400989681205
E2806810000000395F986CA8,888664236801
E2806810000000395F972B78,400989681212
E2806810000000395F9730F9,888664236795
E2806810000000395F9802EE,400989681229
E2806810000000395F9728CA,888664236788
E2806810000000395F9868A0,400989681236
E2806810000000395F98090C,888664236818
E2806810000000395F972CB6,400989681243
E2806810000000395F9867CC,887921081963
E2806810000000395F9730E8,400989681250
E2806810000000395F97FF2B,887921081970
E2806810000000395F972D8E,400989681267
E2806810000000395F980D98,887921081987
E2806810000000395F980190,400989681274
E2806810000000395F9735A1,887921081994
E2806810000000395F973593,400925910406
E2806810000000395F972738,886535072244
E2806810000000395F975DE3,400925910420
E2806810000000395F974B4B,886535072251
E2806810000000395F976128,400925910437
E2806810000000395F980B47,886535072268
E2806810000000395F976793,400925910444
E2806810000000395F9802B3,886535072275
E2806810000000395F986AA1,400925910451
E2806810000000395F974F39,886535072299
E2806810000000395F972D8C,400925910468
E2806810000000395F97367B,886535072305
E2806810000000395F972CC9,400925910475
E2806810000000395F972F10,886535072312
E2806810000000395F9724F8,400925910482
E2806810000000395F9802B0,886535072329
E2806810000000395F9733A1,400925910499
E2806810000000395F97408C,886535072398
E2806810000000395F9739FB,400925910505
E2806810000000395F980DA8,886535072404
E2806810000000395F974DDA,400925910512
E2806810000000395F97FF67,886535072411
E2806810000000395F986844,400925910529
E2806810000000395F975DF6,886535072428
E2806810000000395F98685A,400925910536
E2806810000000395F9737F2,886535072442
E2806810000000395F97674C,400925910543
E2806810000000395F97506B,886535072459
E2806810000000395F980B44,400925910550
E2806810000000395F972B50,886535072466
E2806810000000395F9728DE,400925910567
E2806810000000395F98029F,886535072473
E2806810000000395F972459,400925910574
E2806810000000395F973655,886535072497
E2806810000000395F986A7A,400925910581
E2806810000000395F98016C,886535072503
E2806810000000395F98695B,400925910598
E2806810000000395F974E88,886535072510
E2806810000000395F9724E4,400925910604
E2806810000000395F986B8C,886535072527
E2806810000000395F9726B1,400925998480
E2806810000000395F9742C6,886535069305
E2806810000000395F976780,400925998497
E2806810000000395F9801BA,886535069312
E2806810000000395F9737B7,400925998503
E2806810000000395F973324,886535069329
E2806810000000395F972B8A,400925998510
E2806810000000395F974658,886535069336
E2806810000000395F9750B3,400925998527
E2806810000000395F9737DF,886535069350
E2806810000000395F972B62,400925998534
E2806810000000395F9736D4,886535069367
E2806810000000395F972EB0,400925998541
E2806810000000395F974F5F,886535069374
E2806810000000395F974E9B,400925998558
E2806810000000395F980DD4,886535069381
E2806810000000395F980DE0,400926000977
E2806810000000395F980D5F,887253210994
E2806810000000395F981A73,400926000984
E2806810000000395F986424,887253211007
E2806810000000395F974BA9,400926000991
E2806810000000395F972EC2,887253211014
E2806810000000395F972ED6,400926001004
E2806810000000395F980E6E,887253211021
E2806810000000395F98682D,400926001011
E2806810000000395F9764CB,400926001028
E2806810000000395F9752AE,887253211151
E2806810000000395F980EAA,400926001035
E2806810000000395F985F43,887253211168
E2806810000000395F974B95,400926001042
E2806810000000395F9733B5,887253211175
E2806810000000395F986B07,400926001059
E2806810000000395F97258A,886535068902
E2806810000000395F97279F,400926001066
E2806810000000395F97480F,886535068919
E2806810000000395F97310C,400926001073
E2806810000000395F986531,886535068926
E2806810000000395F973590,887253211144
E2806810000000395F980B50,400926001080
E2806810000000395F976100,886535068957
E2806810000000395F973A52,400926001103
E2806810000000395F9732F3,886535068933
E2806810000000395F9809F1,400926001097
E2806810000000395F976384,886535068964
E2806810000000395F974C25,400926001110
E2806810000000395F975091,886535068971
E2806810000000395F98003C,400926001127
E2806810000000395F986989,886535068988
E2806810000000395F986D99,400926001134
E2806810000000395F9867EE,881988196189
E2806810000000395F97320D,400926001141
E2806810000000395F97290C,881988196196
E2806810000000395F9745C3,400926001158
E2806810000000395F974D9F,881988196202
E2806810000000395F972B4E,400926001165
E2806810000000395F976043,881988196219
E2806810000000395F9808B5,400926001172
E2806810000000395F9762D3,886535069008
E2806810000000395F980DD9,400926001189
E2806810000000395F98002A,886535069015
E2806810000000395F97368B,400926001196
E2806810000000395F980EBB,886535069022
E2806810000000395F976356,400926001202
E2806810000000395F974B10,886535069039
E2806810000000395F9863E1,400926001219
E2806810000000395F98770A,400926001226
E2806810000000395F975914,886535069053
E2806810000000395F9868A8,886535069060
E2806810000000395F986DAC,400926001233
E2806810000000395F98679A,886535069077
E2806810000000395F9865E8,400926001240
E2806810000000395F980DEE,886535069084
E2806810000000395F9728F8,400926001257
E2806810000000395F972B24,886535069107
E2806810000000395F97290A,887253211793
E2806810000000395F972B74,400926001264
E2806810000000395F9761CE,886535069114
E2806810000000395F975927,887253211809
E2806810000000395F986BA0,400926001271
E2806810000000395F972C6B,886535069121
E2806810000000395F972422,887253211816
E2806810000000395F975DCA,400926001288
E2806810000000395F976890,886535069138
E2806810000000395F9731FA,887253211823
E2806810000000395F9742AE,400926001295
E2806810000000395F973667,886535130210
E2806810000000395F972B65,400926001301
E2806810000000395F9769FC,886535130227
E2806810000000395F972A1D,400926001318
E2806810000000395F980067,886535130234
E2806810000000395F987064,400926001325
E2806810000000395F986897,886535130241
E2806810000000395F986A9F,400926004869
E2806810000000395F9735C8,886535130111
E2806810000000395F973416,887253211199
E2806810000000395F986678,400926004876
E2806810000000395F97FF68,886535130128
E2806810000000395F97290D,887253211205
E2806810000000395F972436,400926004883
E2806810000000395F97346F,886535130135
E2806810000000395F972C8D,887253211212
E2806810000000395F986A79,400926004890
E2806810000000395F97337E,886535130142
E2806810000000395F987090,887253211229
E2806810000000395F972A07,400926004906
E2806810000000395F98704D,886535130166
E2806810000000395F9735DB,400926004913
E2806810000000395F9801A7,886535130173
E2806810000000395F97575E,400926004920
E2806810000000395F975409,886535130180
E2806810000000395F975B50,400926004937
E2806810000000395F986F27,886535130197
E2806810000000395F987067,400926316450
E2806810000000395F986EC7,887253211090
E2806810000000395F97563B,400926316467
E2806810000000395F97607C,887253211106
E2806810000000395F972A43,400926316474
E2806810000000395F985F3C,887253211113
E2806810000000395F9808DD,400926316481
E2806810000000395F976642,887253211120
E2806810000000395F9802C5,400931339857
E2806810000000395F974999,887235643802
E2806810000000395F980D88,887253643808
E2806810000000395F972B88,400931339864
E2806810000000395F972C90,887235643819
E2806810000000395F972933,887253643815
E2806810000000395F974262,400931339871
E2806810000000395F98008D,887235643826
E2806810000000395F974064,887253643822
E2806810000000395F986804,400931339888
E2806810000000395F974029,887235643833
E2806810000000395F97291F,887253643839
E2806810000000395F975311,400931339895
E2806810000000395F980191,887253211342
E2806810000000395F972A69,887253643853
E2806810000000395F98027B,400931339901
E2806810000000395F9804B6,887253211359
E2806810000000395F980377,887253643860
E2806810000000395F97662F,400931339918
E2806810000000395F972A7C,887253211366
E2806810000000395F9802B1,887253643877
E2806810000000395F98017E,400931339925
E2806810000000395F97429E,887253211373
E2806810000000395F972C57,400931339932
E2806810000000395F9868E6,887253643884
E2806810000000395F97290B,887235643901
E2806810000000395F98007B,887253643907
E2806810000000395F97356D,400931339949
E2806810000000395F972935,887235643918
E2806810000000395F9737FC,887253643914
E2806810000000395F986D9A,400931339956
E2806810000000395F9871A0,887235643925
E2806810000000395F986F25,887253643921
E2806810000000395F9742B2,400931339963
E2806810000000395F980276,887235643932
E2806810000000395F97291B,887253643938
E2806810000000395F973580,400931339970
E2806810000000395F986F38,887235643956
E2806810000000395F97342A,887253643952
E2806810000000395F97687C,400931339987
E2806810000000395F974F4C,887235643963
E2806810000000395F973338,887253643969
E2806810000000395F976106,400931340013
E2806810000000395F974CA3,887235643970
E2806810000000395F980882,887253643976
E2806810000000395F98631D,400931340020
E2806810000000395F986F4C,887235643987
E2806810000000395F975EA4,887253643983
E2806810000000395F9736D7,400934448365
E2806810000000395F973668,887253672761
E2806810000000395F972B73,400934448372
E2806810000000395F972A41,400934448389
E2806810000000395F9751C4,887253672778
E2806810000000395F973592,887253672785
E2806810000000395F981EF5,400934448396
E2806810000000395F97686A,887253672792
E2806810000000395F986A2B,400934448402
E2806810000000395F980E24,887253672815
E2806810000000395F980E12,400934448419
E2806810000000395F9768A4,887253672822
E2806810000000395F980CE1,400934448426
E2806810000000395F980A3E,887253672839
E2806810000000395F98647C,400934448433
E2806810000000395F9867A1,887253672846
E2806810000000395F97615A,400934448440
E2806810000000395F986600,887253672860
E2806810000000395F987487,400934448457
E2806810000000395F9756E4,887253672877
E2806810000000395F975B3C,400934448464
E2806810000000395F97FF30,887253672884
E2806810000000395F97FF1C,400934448471
E2806810000000395F972CBC,887253672891
E2806810000000395F97317D,400937938566
E2806810000000395F981A86,887253211298
E2806810000000395F976518,400937938573
E2806810000000395F972C53,887253211304
E2806810000000395F976327,400937938580
E2806810000000395F9754F7,887253211311
E2806810000000395F9863C6,400937938597
E2806810000000395F9868E2,887253211328
E2806810000000395F9762C4,400937938603
E2806810000000395F97484E,887253211496
E2806810000000395F976339,400937938610
E2806810000000395F972DA0,887253211502
E2806810000000395F986877,400937938627
E2806810000000395F972F22,887253211519
E2806810000000395F972A1A,400937938634
E2806810000000395F974729,887253211526
E2806810000000395F975E09,400937938641
E2806810000000395F98683B,887253211847
E2806810000000395F986411,400937938658
E2806810000000395F9865CE,887253211854
E2806810000000395F980BF0,400937938665
E2806810000000395F9756EF,887253211861
E2806810000000395F9751DD,400937938672
E2806810000000395F97616E,887253211878
E2806810000000395F97541D,400937948459
E2806810000000395F974985,887253211045
E2806810000000395F9808C9,400937948466
E2806810000000395F986E11,887253211052
E2806810000000395F9863E5,400937948473
E2806810000000395F972D89,887253211069
E2806810000000395F972A22,400937948480
E2806810000000395F973333,887253211076
E2806810000000395F9769EF,400937948497
E2806810000000395F980B14,887253211243
E2806810000000395F980156,400937948503
E2806810000000395F97448D,887253211250
E2806810000000395F98048E,400937948510
E2806810000000395F980ECA,887253211267
E2806810000000395F980947,400937948527
E2806810000000395F980EF1,887253211274
E2806810000000395F975103,400937948541
E2806810000000395F975622,887253211397
E2806810000000395F974050,400937948558
E2806810000000395F97661B,887253211403
E2806810000000395F9765B6,400937948565
E2806810000000395F976033,887253211410
E2806810000000395F986965,400937948572
E2806810000000395F986A3F,887253211427
E2806810000000395F975142,400937948589
E2806810000000395F974D17,887253211540
E2806810000000395F972D70,400937948596
E2806810000000395F972D5C,887253211557
E2806810000000395F972A1F,400937948602
E2806810000000395F972FD9,887253211564
E2806810000000395F972726,400937948619
E2806810000000395F980594,887253211571
E2806810000000395F97FF50,400937948626
E2806810000000395F9865D5,887253211595
E2806810000000395F9742C5,400937948633
E2806810000000395F9809B5,887253211601
E2806810000000395F975059,400937948640
E2806810000000395F980051,887253211618
E2806810000000395F98016A,400937948657
E2806810000000395F985EBE,887253211625
E2806810000000395F972A08,400937948664
E2806810000000395F9733C7,887253211892
E2806810000000395F97652C,400937948671
E2806810000000395F975DDC,887253211908
E2806810000000395F974197,400937948688
E2806810000000395F9735B4,887253211915
E2806810000000395F972C6C,400937948695
E2806810000000395F9734DB,887253211922
E2806810000000395F986801,400937975875
E2806810000000395F97483A,887253211649
E2806810000000395F9729F9,400937975882
E2806810000000395F97494D,887253211656
E2806810000000395F9762B0,400937975899
E2806810000000395F9868D9,887253211663
E2806810000000395F972D18,400937975905
E2806810000000395F976350,887253211670
E2806810000000395F980169,400939106154
E2806810000000395F987144,887253247600
E2806810000000395F97550A,400939106161
E2806810000000395F9800A1,887253247617
E2806810000000395F986E34,400939106178
E2806810000000395F9752E9,887253247624
E2806810000000395F97FFB9,400939106185
E2806810000000395F9759F9,887253247631
E2806810000000395F9733EB,400939106192
E2806810000000395F975F0E,887253247655
E2806810000000395F975666,400939106208
E2806810000000395F972D2B,887253247662
E2806810000000395F975625,400939106215
E2806810000000395F974AF6,887253247679
E2806810000000395F9868B5,400939106239
E2806810000000395F975341,887253247686
E2806810000000395F985E34,400939106246
E2806810000000395F9764F3,887253247808
E2806810000000395F980B39,400939106253
E2806810000000395F980B17,887253247815
E2806810000000395F98619D,400939106260
E2806810000000395F98677E,887253247822
E2806810000000395F975B64,400939106277
E2806810000000395F974F02,887253247839
E2806810000000395F97658F,400939106291
E2806810000000395F980D82,887253247709
E2806810000000395F980896,400939106307
E2806810000000395F97532D,887253247716
E2806810000000395F97657B,400939106314
E2806810000000395F9767E0,887253247723
E2806810000000395F980CF6,400939106338
E2806810000000395F985FD7,887253247730
E2806810000000395F98697D,400939106345
E2806810000000395F9863DC,887253247754
E2806810000000395F974971,400939106352
E2806810000000395F98684A,887253247761
E2806810000000395F976182,400939106710
E2806810000000395F98671A,887253247778
E2806810000000395F975B09,400939106727
E2806810000000395F985DAC,887253247785
E2806810000000395F97435C,400939662193
E2806810000000395F974AB2,887921704992
E2806810000000395F976056,400939662209
E2806810000000395F98634E,887921705005
E2806810000000395F98693E,400939662216
E2806810000000395F98694B,887921705012
E2806810000000395F9861B1,400939662223
E2806810000000395F9863D0,887921705029
E2806810000000395F975C88,400939662230
E2806810000000395F972FD5,887253267691
E2806810000000395F974349,400939662247
E2806810000000395F974862,887253267707
E2806810000000395F9868AB,400939662254
E2806810000000395F98690E,887253267714
E2806810000000395F9861C4,400939662261
E2806810000000395F986609,887253267721
E2806810000000395F9868D1,400941351405
E2806810000000395F98646B,887921774315
E2806810000000395F97660A,400941351429
E2806810000000395F974737,887921774322
E2806810000000395F9728F4,400941351443
E2806810000000395F9754F6,887921774339
E2806810000000395F97462A,400941351467
E2806810000000395F986627,887921774346
E2806810000000395F98672D,400943175313
E2806810000000395F974616,887921872011
E2806810000000395F972B75,400943175320
E2806810000000395F9802C6,887921872028
E2806810000000395F972CDC,400943175337
E2806810000000395F972FAE,887921872035
E2806810000000395F9747AB,400943175344
E2806810000000395F9865E1,887921872042
E2806810000000395F980CCD,400943175351
E2806810000000395F98095B,887921872066
E2806810000000395F985F4F,400943175368
E2806810000000395F98640A,887921872073
E2806810000000395F974276,400943175375
E2806810000000395F975450,887921872080
E2806810000000395F975530,400943175382
E2806810000000395F972B60,887921872097
E2806810000000395F972B9E,400943175399
E2806810000000395F972A32,887921872110
E2806810000000395F980155,400943175405
E2806810000000395F980D1A,887921872127
E2806810000000395F98017D,400943175412
E2806810000000395F9868EA,887921872134
E2806810000000395F9868C2,400943175429
E2806810000000395F972A0C,887921872141
E2806810000000395F974EEE,400943175436
E2806810000000395F976020,887921872165
E2806810000000395F975ECB,400943175443
E2806810000000395F97551D,887921872172
E2806810000000395F98008E,400943175450
E2806810000000395F98083B,887921872189
E2806810000000395F9735A5,400943175467
E2806810000000395F972C7E,887921872196
E2806810000000395F974826,400943175474
E2806810000000395F9741AB,887921872219
E2806810000000395F972FE9,400943175481
E2806810000000395F972CA2,887921872226
E2806810000000395F980171,400943175498
E2806810000000395F97436F,887921872233
E2806810000000395F972B3D,400943175504
E2806810000000395F972DDF,887921872240
E2806810000000395F97447B,400943175511
E2806810000000395F975E02,887921872264
E2806810000000395F97FF3D,400943175528
E2806810000000395F9809C9,887921872271
E2806810000000395F986613,400943175535
E2806810000000395F9868FB,887921872288
E2806810000000395F974602,400943175542
E2806810000000395F973347,887921872295
E2806810000000395F972A5B,400943175559
E2806810000000395F972CA8,887921872318
E2806810000000395F9732C6,400943175566
E2806810000000395F974003,887921872325
E2806810000000395F9726FF,400943175573
E2806810000000395F986448,887921872332
E2806810000000395F972712,400943175580
E2806810000000395F98015D,887921872349
E2806810000000395F9732B2,400951176302
E2806810000000395F97329F,887921549838
E2806810000000395F9801E6,400951176319
E2806810000000395F976DD1,887921549845
E2806810000000395F97328B,400951176326
E2806810000000395F980184,887921549852
E2806810000000395F97FFCD,400951176333
E2806810000000395F97FF51,887921549869
E2806810000000395F972446,400951221033
E2806810000000395F980801,887253211694
E2806810000000395F972FFD,400951221040
E2806810000000395F98028A,887253211700
E2806810000000395F9728E3,400951221057
E2806810000000395F97FFA5,887253211717
E2806810000000395F9736B1,400951221064
E2806810000000395F9744B9,887253211724
E2806810000000395F974CB6,400951544774
E2806810000000395F97FF15,887921955790
E2806810000000395F975E16,400951544781
E2806810000000395F9868B4,887921955806
E2806810000000395F980A8F,400951544798
E2806810000000395F97613C,887921955813
E2806810000000395F972B86,400951544804
E2806810000000395F972A8E,887921955820
E2806810000000395F9772BB,400951544811
E2806810000000395F974039,887921955844
E2806810000000395F9742D8,400951544828
E2806810000000395F9728F7,887921955851
E2806810000000395F986D2A,400951544835
E2806810000000395F9752D5,887921955868
E2806810000000395F975662,400951544859
E2806810000000395F9863A8,887921955875
E2806810000000395F986930,400951544866
E2806810000000395F9742C2,887921955943
E2806810000000395F980E44,400951544873
E2806810000000395F972921,887921955950
E2806810000000395F973111,400951544880
E2806810000000395F98007A,887921955967
E2806810000000395F974B37,400951544897
E2806810000000395F972C6D,887921955974
E2806810000000395F980065,400951544903
E2806810000000395F972C68,887921955998
E2806810000000395F986459,400951544910
E2806810000000395F9802B2,887921956001
E2806810000000395F98690F,400951544927
E2806810000000395F9865D9,887921956018
E2806810000000395F974511,400951544934
E2806810000000395F976265,887921956025
E2806810000000395F973201,400951544941
E2806810000000395F9732E6,887921956049
E2806810000000395F9742FE,400951544958
E2806810000000395F986679,887921956056
E2806810000000395F972FD6,400951544965
E2806810000000395F97357D,887921956063
E2806810000000395F986CA5,400951544972
E2806810000000395F97FF3E,887921956070
E2806810000000395F9744CD,400951723056
E2806810000000395F9728E1,887921549531
E2806810000000395F975EB7,400951723063
E2806810000000395F972908,887921549548
E2806810000000395F9744F5,400951723070
E2806810000000395F972B63,887921549555
E2806810000000395F9865C1,400951723087
E2806810000000395F972A55,887921549562
E2806810000000395F981CC8,400951723094
E2806810000000395F974D27,887921549586
E2806810000000395F974AE2,400951723100
E2806810000000395F98651D,887921549593
E2806810000000395F980554,400951723117
E2806810000000395F974288,887921549609
E2806810000000395F974715,400951723124
E2806810000000395F976068,887921549616
E2806810000000395F972D9D,400951723131
E2806810000000395F9757A9,887921549630
E2806810000000395F986642,400951723148
E2806810000000395F975417,887921549647
E2806810000000395F9865EB,400951723155
E2806810000000395F98633C,887921549654
E2806810000000395F9762BF,400951723162
E2806810000000395F976006,887921549661
E2806810000000395F973549,400951723179
E2806810000000395F972C7A,887921549685
E2806810000000395F972FA2,400951723186
E2806810000000395F972FED,887921549692
E2806810000000395F975555,400951723193
E2806810000000395F9753CE,887921549708
E2806810000000395F9731DB,400951723209
E2806810000000395F986D51,887921549715
E2806810000000395F9731E7,400951723216
E2806810000000395F97369D,887921549739
E2806810000000395F974EDA,400951723223
